"USER_NO","USER_EMAIL","USER_NICKNM","USER_AGE","USER_GENDER","USER_LOCATION"
1,seongjin41@naver.com,도현,22,M,경북
2,wbag@naver.com,영환,92,M,강원
3,jangseungmin@dreamwiz.com,민수,111,M,경남
4,misug42@naver.com,명숙,58,F,경기
5,junseo52@hanmail.net,하윤,27,F,인천
6,gimjiyeong@gmail.com,은정,37,F,충북
7,bagjiweon@hotmail.com,옥순,13,F,전북
8,jeongungbag@nate.com,성진,96,M,서울
9,ucoe@gmail.com,민수,45,M,충북
10,minjun88@daum.net,중수,107,M,충북
11,bagseonyeong@gmail.com,준영,12,M,강원
12,vbag@nate.com,정남,111,M,울산
13,jeongsug06@hotmail.com,지민,39,F,경남
14,bcoe@dreamwiz.com,영미,7,F,세종
15,ti@dreamwiz.com,미정,44,F,충남
16,tgim@hanmail.net,수빈,44,F,경북
17,hyeonjeongjeong@dreamwiz.com,진우,93,M,대구
18,yeonghogim@dreamwiz.com,영수,68,M,서울
19,byeongceoli@live.com,준영,10,M,서울
20,imigyeong@hanmail.net,서영,92,F,전북
21,hanjuweon@hanmail.net,지혜,81,F,세종
22,minjigim@live.com,정식,50,M,전북
23,gangdonghyeon@hanmail.net,성수,103,M,서울
24,yeongiljo@live.com,은영,67,F,경기
25,gbaeg@daum.net,경숙,88,F,경남
26,ggim@naver.com,예은,97,F,제주
27,jieungim@hotmail.com,순자,22,F,인천
28,hyejin67@live.com,정웅,90,M,충남
29,seojun50@gmail.com,민재,44,M,부산
30,pryu@dreamwiz.com,영환,45,M,전북
31,jijeonghyi@nate.com,명자,0,F,경북
32,minsu49@naver.com,정호,112,M,울산
33,qson@hotmail.com,지아,6,F,서울
34,sunjabag@dreamwiz.com,민석,36,M,울산
35,eungyeongo@hanmail.net,도현,90,M,세종
36,hanyejin@nate.com,수빈,93,F,강원
37,hyeonjeong58@hotmail.com,정호,69,M,충북
38,seoyeong29@dreamwiz.com,경희,112,F,강원
39,pgim@hanmail.net,영일,107,M,경기
40,gimyeonghwan@naver.com,은서,96,F,충북
41,yeongho10@nate.com,민지,16,F,울산
42,kgo@dreamwiz.com,선영,94,F,충남
43,jeongnam68@naver.com,도현,13,M,울산
44,coehyeonju@live.com,준호,74,M,서울
45,boram16@daum.net,민수,9,M,세종
46,nojeongsig@naver.com,옥자,86,F,충북
47,imseoyun@hotmail.com,광수,31,M,전남
48,bagyeongho@naver.com,수빈,28,F,세종
49,eunjeonggu@gmail.com,영철,114,M,경북
50,xi@live.com,춘자,72,F,대전
51,ogim@naver.com,영진,77,M,충북
52,isanghun@hotmail.com,건우,7,M,강원
53,ao@naver.com,정식,112,M,전북
54,imseongmin@nate.com,현정,17,F,충북
55,kgim@dreamwiz.com,명숙,29,F,광주
56,jungsubag@hanmail.net,상현,69,M,경남
57,si@live.com,주원,72,M,충북
58,seungmingim@nate.com,서현,99,F,울산
59,yjin@daum.net,종수,21,M,인천
60,fgim@dreamwiz.com,서준,87,M,충북
61,seojihye@naver.com,민재,82,M,대구
62,eungyeongi@hotmail.com,미숙,36,F,강원
63,hwangeunseo@naver.com,성민,73,M,제주
64,doyun64@dreamwiz.com,영수,100,M,강원
65,seungminbag@gmail.com,준영,76,M,서울
66,yeongja83@nate.com,예지,59,F,충남
67,jiagim@dreamwiz.com,정수,45,M,전북
68,myeongsug46@live.com,시우,108,M,대구
69,hongseoyun@gmail.com,유진,26,F,전북
70,munmiyeong@live.com,지혜,96,F,울산
71,subini@naver.com,진호,99,M,경북
72,bagjungsu@live.com,영희,7,F,울산
73,sinogja@hanmail.net,은경,35,F,강원
74,jeongsug36@nate.com,현숙,111,F,인천
75,iseongmin@naver.com,영환,72,M,광주
76,seongjinhong@nate.com,성진,18,M,충남
77,ji@hotmail.com,수빈,33,F,강원
78,gmun@live.com,영진,70,M,제주
79,minjaeo@live.com,성수,38,M,부산
80,jihye06@dreamwiz.com,정호,90,M,경기
81,yeongjingim@nate.com,정자,13,F,전남
82,iim@hotmail.com,명자,46,F,경기
83,jihye47@hotmail.com,현우,107,M,경북
84,yejin78@nate.com,옥순,14,F,강원
85,misuggim@live.com,영철,12,M,울산
86,ti@hanmail.net,영일,83,M,세종
87,junhyeog46@hanmail.net,성수,30,M,강원
88,fhan@live.com,성현,28,M,광주
89,cgim@hanmail.net,정순,88,F,대전
90,gimgyeongja@naver.com,보람,24,F,인천
91,eunseo37@daum.net,성현,102,M,전남
92,bi@nate.com,지영,92,F,부산
93,ijeongnam@nate.com,영희,35,F,경기
94,vi@live.com,영순,102,F,강원
95,zbaeg@naver.com,성민,87,M,강원
96,jeongsig27@naver.com,지원,28,F,광주
97,minjaegim@hanmail.net,민서,59,F,세종
98,minsu37@nate.com,정숙,17,F,경남
99,junyeong82@dreamwiz.com,현우,46,M,광주
100,yeongsug70@live.com,동현,76,M,대구
